<?xml version="1.0" encoding="UTF-8"?>
<project version="4">
  <component name="AutoImportSettings">
    <option name="autoReloadType" value="SELECTIVE" />
  </component>
  <component name="CMakePresetLoader">{
  &quot;useNewFormat&quot;: true
}</component>
  <component name="CMakeRunConfigurationManager">
    <generated>
      <config projectName="part4" targetName="all" />
    </generated>
  </component>
  <component name="CMakeSettings">
    <configurations>
      <configuration PROFILE_NAME="Debug-MinGW" ENABLED="true" CONFIG_NAME="Debug" TOOLCHAIN_NAME="MinGW" />
      <configuration PROFILE_NAME="Release-WSL" ENABLED="true" CONFIG_NAME="Release" TOOLCHAIN_NAME="WSL" />
    </configurations>
  </component>
  <component name="ChangeListManager">
    <list default="true" id="5b6abe78-4bb1-45cb-a996-aa4fba69cab5" name="Changes" comment="">
      <change beforePath="$PROJECT_DIR$/client.cpp" beforeDir="false" afterPath="$PROJECT_DIR$/client.cpp" afterDir="false" />
      <change beforePath="$PROJECT_DIR$/client.h" beforeDir="false" afterPath="$PROJECT_DIR$/client.h" afterDir="false" />
      <change beforePath="$PROJECT_DIR$/commands.h" beforeDir="false" afterPath="$PROJECT_DIR$/commands.h" afterDir="false" />
      <change beforePath="$PROJECT_DIR$/defaultIO.cpp" beforeDir="false" afterPath="$PROJECT_DIR$/defaultIO.cpp" afterDir="false" />
      <change beforePath="$PROJECT_DIR$/defaultIO.h" beforeDir="false" afterPath="$PROJECT_DIR$/defaultIO.h" afterDir="false" />
      <change beforePath="$PROJECT_DIR$/distance.cpp" beforeDir="false" afterPath="$PROJECT_DIR$/distance.cpp" afterDir="false" />
      <change beforePath="$PROJECT_DIR$/knn.cpp" beforeDir="false" afterPath="$PROJECT_DIR$/knn.cpp" afterDir="false" />
      <change beforePath="$PROJECT_DIR$/train_dataset.csv" beforeDir="false" afterPath="$PROJECT_DIR$/train_dataset.csv" afterDir="false" />
    </list>
    <option name="SHOW_DIALOG" value="false" />
    <option name="HIGHLIGHT_CONFLICTS" value="true" />
    <option name="HIGHLIGHT_NON_ACTIVE_CHANGELIST" value="false" />
    <option name="LAST_RESOLUTION" value="IGNORE" />
  </component>
  <component name="ClangdSettings">
    <option name="formatViaClangd" value="false" />
  </component>
  <component name="ExternalProjectsData">
    <projectState path="$PROJECT_DIR$">
      <ProjectState />
    </projectState>
  </component>
  <component name="FileTemplateManagerImpl">
    <option name="RECENT_TEMPLATES">
      <list>
        <option value="CMakeLists.txt" />
      </list>
    </option>
  </component>
  <component name="Git.Settings">
    <option name="RECENT_GIT_ROOT_PATH" value="$PROJECT_DIR$" />
  </component>
  <component name="MakefileLocalSettings">
    <option name="availableProjects">
      <map>
        <entry>
          <key>
            <ExternalProjectPojo>
              <option name="name" value="part4" />
              <option name="path" value="$PROJECT_DIR$" />
            </ExternalProjectPojo>
          </key>
          <value>
            <list>
              <ExternalProjectPojo>
                <option name="name" value="part4" />
                <option name="path" value="$PROJECT_DIR$" />
              </ExternalProjectPojo>
            </list>
          </value>
        </entry>
      </map>
    </option>
    <option name="projectSyncType">
      <map>
        <entry key="$PROJECT_DIR$" value="RE_IMPORT" />
      </map>
    </option>
  </component>
  <component name="MarkdownSettingsMigration">
    <option name="stateVersion" value="1" />
  </component>
  <component name="ProjectApplicationVersion">
    <option name="ide" value="CLion" />
    <option name="majorVersion" value="2022" />
    <option name="minorVersion" value="3" />
  </component>
  <component name="ProjectId" id="2KY5J33oyoiIyFmPtsuYs6BnKlk" />
  <component name="ProjectViewState">
    <option name="hideEmptyMiddlePackages" value="true" />
    <option name="showLibraryContents" value="true" />
  </component>
  <component name="PropertiesComponent"><![CDATA[{
  "keyToString": {
    "RunOnceActivity.OpenProjectViewOnStart": "true",
    "RunOnceActivity.ShowReadmeOnStart": "true",
    "RunOnceActivity.cidr.known.project.marker": "true",
    "WebServerToolWindowFactoryState": "false",
    "cf.first.check.clang-format": "false",
    "cidr.known.project.marker": "true",
    "node.js.detected.package.eslint": "true",
    "node.js.detected.package.tslint": "true",
    "node.js.selected.package.eslint": "(autodetect)",
    "node.js.selected.package.tslint": "(autodetect)",
    "nodejs_package_manager_path": "npm",
    "settings.editor.selected.configurable": "CMakeSettings",
    "vue.rearranger.settings.migration": "true"
  }
}]]></component>
  <component name="RunManager" selected="CMake Application.Unnamed">
    <configuration name="all" type="CLionNativeAppRunConfigurationType" REDIRECT_INPUT="false" ELEVATE="false" USE_EXTERNAL_CONSOLE="false" PASS_PARENT_ENVS_2="true" PROJECT_NAME="part4" TARGET_NAME="all" CONFIG_NAME="all" version="1">
      <method v="2">
        <option name="CLION.COMPOUND.BUILD" enabled="true" />
      </method>
    </configuration>
    <configuration name="Unnamed" type="CMakeRunConfiguration" factoryName="Application" REDIRECT_INPUT="false" ELEVATE="false" USE_EXTERNAL_CONSOLE="false" PASS_PARENT_ENVS_2="true" RUN_PATH="$PROJECT_DIR$/CMakeLists.txt" EXPLICIT_BUILD_TARGET_NAME="all">
      <method v="2">
        <option name="com.jetbrains.cidr.execution.CidrBuildBeforeRunTaskProvider$BuildBeforeRunTask" enabled="true" />
      </method>
    </configuration>
    <configuration default="true" type="CMakeRunConfiguration" factoryName="Application" REDIRECT_INPUT="false" ELEVATE="false" USE_EXTERNAL_CONSOLE="false" PASS_PARENT_ENVS_2="true">
      <method v="2">
        <option name="com.jetbrains.cidr.execution.CidrBuildBeforeRunTaskProvider$BuildBeforeRunTask" enabled="true" />
      </method>
    </configuration>
    <configuration name="all" type="MAKEFILE_TARGET_RUN_CONFIGURATION" factoryName="Makefile" temporary="true">
      <makefile filename="$PROJECT_DIR$/Makefile" target="all" workingDirectory="" arguments="">
        <envs />
      </makefile>
      <method v="2" />
    </configuration>
    <configuration name="clean" type="MAKEFILE_TARGET_RUN_CONFIGURATION" factoryName="Makefile">
      <makefile filename="$PROJECT_DIR$/Makefile" target="clean" workingDirectory="" arguments="">
        <envs />
      </makefile>
      <method v="2" />
    </configuration>
    <list>
      <item itemvalue="CMake Application.Unnamed" />
      <item itemvalue="Makefile Application.all" />
      <item itemvalue="Makefile Target.clean" />
      <item itemvalue="Makefile Target.all" />
    </list>
    <recent_temporary>
      <list>
        <item itemvalue="Makefile Target.all" />
        <item itemvalue="Makefile Target.all" />
      </list>
    </recent_temporary>
  </component>
  <component name="SpellCheckerSettings" RuntimeDictionaries="0" Folders="0" CustomDictionaries="0" DefaultDictionary="application-level" UseSingleDictionary="true" transferred="true" />
  <component name="TaskManager">
    <task active="true" id="Default" summary="Default task">
      <changelist id="5b6abe78-4bb1-45cb-a996-aa4fba69cab5" name="Changes" comment="" />
      <created>1674138601000</created>
      <option name="number" value="Default" />
      <option name="presentableId" value="Default" />
      <updated>1674138601000</updated>
      <workItem from="1674138610867" duration="990000" />
      <workItem from="1674139624742" duration="5980000" />
    </task>
    <servers />
  </component>
  <component name="TypeScriptGeneratedFilesManager">
    <option name="version" value="3" />
  </component>
</project>